training_curve_id,best_reference_curve_id,sse,rmse,max_training_deviation,second_best_reference_curve_id,second_best_sse,confidence_margin,relative_confidence_margin
training_1,reference_1,0.32128444714261306,0.05846297674984854,0.3008615787097978,reference_2,0.6740429116925527,0.35275846454993964,1.097963090610968
training_2,reference_27,0.24272970309247188,0.05081565589424648,0.3145921871157684,reference_26,0.36496040631340304,0.12223070322093116,0.5035671434672556
training_3,reference_41,0.5530252758312407,0.076702331224194,0.3506352574845719,reference_40,0.5955886775806061,0.04256340174936535,0.07696465895774689
training_4,reference_42,0.4159638951356029,0.06652178455657605,0.3287491133145801,reference_43,0.526035652403919,0.11007175726831614,0.26461853674207253
